INSERT INTO delivery_person (id, name, vehicle_plate, available) VALUES
                                                                     (528, 'George Stout', 'MBB 862', true),
                                                                     (481558, 'Eric Rivera', 'SMV 253', true),
                                                                     (884, 'Kara Gonzalez MD', 'HCM-0027', true),
                                                                     (9766, 'Gloria Ford', 'LWU 922', true),
                                                                     (8899, 'Rebecca Fox', 'OWJ 9154', false),
                                                                     (100, 'Joel Thompson', '0XQ 197', false),
                                                                     (462494, 'Justin Wood', '44D 6615', false),
                                                                     (24223070, 'Jennifer Johnston', '120 VUA', false),
                                                                     (1745, 'Melissa Potter', '17-H522', false),
                                                                     (3400, 'David Garcia', '42FU147', true),
                                                                     (672, 'Brianna Moore', '882 OZ1', true),
                                                                     (690622, 'Paul Moore', '7R I7189', true),
                                                                     (90581440, 'Austin Long', '8KX F49', true),
                                                                     (1062, 'Terry Ortiz', 'LZT 650', false),
                                                                     (712416, 'Daniel Reed', '41M T85', false);

INSERT INTO orders (id, external_id, status, created_at, estimated_delivery, delivered_at, zip_code, delivery_person_id) VALUES
                                                                                                                             (4305, 123, 'PENDING', '2025-01-11 00:00:00', '2025-01-15 00:00:00', NULL, '12345-678', 528),
                                                                                                                             (7654, 124, 'IN_TRANSIT', '2025-01-12 00:00:00', '2025-01-18 00:00:00', '2025-01-15 00:00:00', '54321-000', 481558),
                                                                                                                             (4321, 125, 'COMPLETED', '2025-01-13 00:00:00', '2025-01-17 00:00:00', '2025-01-16 00:00:00', '12345-678', 884),
                                                                                                                             (8756, 126, 'PENDING', '2025-01-14 00:00:00', '2025-01-19 00:00:00', NULL, '13579-000', 9766),
                                                                                                                             (1237, 127, 'IN_TRANSIT', '2025-01-15 00:00:00', '2025-01-20 00:00:00', '2025-01-18 00:00:00', '24680-000', 8899),
                                                                                                                             (7657, 128, 'COMPLETED', '2025-01-16 00:00:00', '2025-01-21 00:00:00', '2025-01-19 00:00:00', '11223-000', 100),
                                                                                                                             (8543, 129, 'PENDING', '2025-01-17 00:00:00', '2025-01-22 00:00:00', NULL, '33445-000', 462494),
                                                                                                                             (3356, 130, 'IN_TRANSIT', '2025-01-18 00:00:00', '2025-01-23 00:00:00', '2025-01-21 00:00:00', '55678-000', 24223070),
                                                                                                                             (5643, 131, 'COMPLETED', '2025-01-19 00:00:00', '2025-01-24 00:00:00', '2025-01-22 00:00:00', '12345-678', 1745),
                                                                                                                             (1264, 132, 'PENDING', '2025-01-20 00:00:00', '2025-01-25 00:00:00', NULL, '99887-000', 3400),
                                                                                                                             (8432, 133, 'CANCELED', '2025-01-21 00:00:00', '2025-01-26 00:00:00', '2025-01-24 00:00:00', '66775-000', 672),
                                                                                                                             (76540, 134, 'COMPLETED', '2025-01-22 00:00:00', '2025-01-27 00:00:00', '2025-01-25 00:00:00', '55443-000', 690622),
                                                                                                                             (8964, 135, 'PENDING', '2025-01-23 00:00:00', '2025-01-28 00:00:00', NULL, '11234-000', 90581440),
                                                                                                                             (2345, 136, 'IN_TRANSIT', '2025-01-24 00:00:00', '2025-01-29 00:00:00', '2025-01-27 00:00:00', '12345-678', 1062);


INSERT INTO tracking (id, order_id, delivery_person_id, latitude, longitude, tracking_time, created_at, estimated_delivery_time) VALUES
                                                                                                                                     (12773, 4305, 528, '84.599498', '-146.568067', '2025-01-29 00:00:00', '2025-01-04 00:00:00', '2025-01-28 00:00:00'),
                                                                                                                                     (747731759, 7654, 9766, '84.599498', '-146.568067', '2025-01-11 00:00:00', '2025-01-06 00:00:00', '2025-02-08 00:00:00'),
                                                                                                                                     (686, 76540, 100, '83.519154', '-88.444056', '2025-01-04 00:00:00', '2025-01-25 00:00:00', '2025-01-24 00:00:00'),
                                                                                                                                     (93495556, 8964, 462494, '-70.671950', '163.372674', '2025-02-07 00:00:00', '2025-02-10 00:00:00', '2025-01-17 00:00:00'),
                                                                                                                                     (6, 2345, 1062, '-74.291514', '-165.597002', '2025-01-15 00:00:00', '2025-01-29 00:00:00', '2025-02-08 00:00:00');
